{
  "processing": {
    "processing_time_seconds": {
      "count": 3.0,
      "mean": 617.5853036666667,
      "std": 602.3149837214995,
      "min": 45.145297,
      "25%": 303.436075,
      "50%": 561.726853,
      "75%": 903.8053070000001,
      "max": 1245.883761
    },
    "estimated_audio_duration_seconds": {
      "count": 3.0,
      "mean": 7.866666666666667,
      "std": 7.2037027515947205,
      "min": 0.8,
      "25%": 4.2,
      "50%": 7.6000000000000005,
      "75%": 11.4,
      "max": 15.200000000000001
    },
    "transcript_length": {
      "count": 3.0,
      "mean": 109.66666666666667,
      "std": 80.30774142841607,
      "min": 39.0,
      "25%": 66.0,
      "50%": 93.0,
      "75%": 145.0,
      "max": 197.0
    },
    "summary_length": {
      "count": 3.0,
      "mean": 114.0,
      "std": 45.033320996790806,
      "min": 88.0,
      "25%": 88.0,
      "50%": 88.0,
      "75%": 127.0,
      "max": 166.0
    },
    "compression_ratio": {
      "count": 3.0,
      "mean": 1.3484288031528902,
      "std": 0.7880392264321588,
      "min": 0.8426395939086294,
      "25%": 0.8944380765242073,
      "50%": 0.946236559139785,
      "75%": 1.6013234077750207,
      "max": 2.2564102564102564
    }
  },
  "actions": {
    "total_meetings": 3,
    "meetings_with_actions": 1,
    "total_action_items": 2,
    "avg_actions_per_meeting": 0.6666666666666666,
    "priority_distribution": {
      "high": 0,
      "medium": 2,
      "low": 0
    },
    "category_distribution": {
      "Documentation": 1,
      "Presentation": 1
    },
    "status_distribution": {
      "pending": 2,
      "in_progress": 0,
      "completed": 0
    },
    "avg_confidence": 0.99
  },
  "participants": {
    "total_action_items": 2,
    "items_with_assignee": 2,
    "items_with_email": 2,
    "valid_matches": 2,
    "unmatched": 0
  },
  "usage": {
    "total_meetings": 3,
    "unique_users": 1,
    "success_rate": 100.0,
    "source_counts": {
      "web": 2,
      "mobile": 1
    },
    "status_counts": {
      "completed": 3
    }
  }
}